{
  "2D": 3161.34999918939,
  "Editor": 5317.22200012208,
  "Script": 2155.8720009327
}