{
  "2D": 9248.36099910737,
  "3D": 34.9530000686646,
  "Editor": 14609.5609998703,
  "Script": 5326.24700069428
}