{
  "2D": 9255.36199903489,
  "3D": 34.9530000686646,
  "Editor": 14621.6710000038,
  "Script": 5331.35600090027
}