{
  "2D": 11030.7849993705,
  "3D": 43.7619996070862,
  "Editor": 19861.1579995155,
  "Script": 8786.61100053787
}