{
  "2D": 9499.44099879266,
  "3D": 46.960000038147,
  "Editor": 15020.9799997807,
  "Script": 5474.57900094987
}