{
  "2D": 1939.03499913216,
  "Editor": 3414.75899982453,
  "Script": 1475.72400069237
}