{
  "2D": 8221.81499886514,
  "Editor": 13447.8749997616,
  "Script": 5227.042001009
}