{
  "2D": 7594.47199892999,
  "Editor": 12818.4859998226,
  "Script": 5224.01400089265
}