{
  "2D": 10821.4469993114,
  "3D": 38.2599997520447,
  "Editor": 17464.4339997768,
  "Script": 6604.72700071335
}