{
  "2D": 9995.53899908067,
  "3D": 60.7050001621247,
  "Editor": 16181.9949998856,
  "Script": 6125.75100064279
}