{
  "2D": 4402.88499879838,
  "Editor": 7859.19400000574,
  "Script": 3456.30900120736
}